region,district_id,name,year,uganda_anc4_coverage_value,uganda_dpt3_coverage_value,uganda_health_funding_value,uganda_health_posts_value,uganda_leaving_exam_perf_rate_value,uganda_overall_health_value,uganda_poverty_headcount_value,uganda_primary_enrol_value,uganda_primary_pupil_classroom_ratio_value,uganda_primary_pupil_stance_ratio_value,uganda_primary_sit_write_value,uganda_secondary_enrol_value,uganda_total_pop_value,educ.per.cap.ave,School.attendance,health.per.cap.ave,Child.mortality,MPI.of.the.region,need.vs.resources,MPI.pop.2016,Country.x,Country.y,Health.Gov.Z,Educ.Gov.Z,MPI.Z,School.Attend.Z,Child.Mortality.Z,National.Pov.Z,Exam.Score.Z,Health.Outcome.Index.z,Primary.Enroll.z,Secondary.Enroll.z,Antenatal.Coverage.z,Tetanus.Vaccine.Coverage.z,Pupil.classroom.ratio.z,Pupil.sit.write.z,Pupil.toilet.z,pop.z,SubRegion,health_edu.per.cap.ave
ABIM,d314,Abim,2014,67,143.8,15.49260684,73,66,81.3,74,181,74,57,30.3,10,107966,10.1916539024776,0.443042962903362,6.43064610524074,0.0680919208729428,0.285164864379245,,105627.703378655,Uganda,Uganda,2.35245000049129,-0.315252026565972,1.1731017924571,2.23610770677611,-0.0602706499895394,1.57614543886049,1.17084305586471,1.17542257589909,2.07073105107738,-1.13027127113636,2.87595551453845,1.98819678021618,0.401379775758823,-3.21809376907126,0.0176334062214721,-0.798053144006302,Karamoja,16.6223000077183
ADJUMANI,d301,Adjumani,2014,14.6,33.4,10.60097367,107,58,65,68.16,34,61,66,75.9,13,225251,9.65298058082584,0.148990250649323,8.1612755426817,0.0339542523044885,0.138750659073436,,291599.588206367,Uganda,Uganda,1.24002399346705,-0.488493783089001,-0.148539242172179,0.0466002469652718,-0.962931984814694,1.29098292906859,0.28405068219203,-0.97085813480443,-1.89674433876761,-0.924544755913276,-1.41171315654583,-2.39962615301548,-0.167664969620774,0.822979353645353,0.511368780422695,-0.333012363829834,West Nile,17.8142561235075
AGAGO,d322,Agago,2014,40.7,105.9,6.844096678,75,52,73.9,68.4,110,78,57,57.7,26,227792,11.7051640022457,0.268721701898024,3.76178032829556,0.0722057317138714,0.229540180934685,,411868.516534654,Uganda,Uganda,0.38565746068557,0.171505229938145,0.670992970262933,0.938116953862803,0.048505905077324,1.30270193632031,-0.38104359806248,0.20103746797234,0.154467427410753,-0.0330631899465675,0.723938605196532,0.481869885565093,0.576470466644852,-0.789905094456451,0.0176334062214721,-0.322937174142931,Acholi,15.4669443305413
ALEBTONG,d323,Alebtong,2014,24,120.3,3.936154262,75,47,71,61.62,123,99,77,52.8,33,227541,9.56131735834381,0.180643937303031,3.19401647760874,0.0377334795777771,0.183706979950019,,219064.177965693,Uganda,Uganda,-0.275649439906752,-0.517973426934467,0.257269185448304,0.282292625136344,-0.863002420841287,0.971639981459169,-0.935288831607905,-0.180816155404361,0.505332597941263,0.446965345573968,-0.642551219366586,1.05419461598661,1.49569659379651,-1.22414321509924,1.11482312666863,-0.323932401459504,Lango,12.7553338359526
AMOLATAR,d315,Amolatar,2014,24.7,110,5.514173509,90,45,78.2,56.54,131,66,54,63.8,7,147166,10.282847831206,0.143211313720499,3.70574035124401,0.0471606455728056,0.166343411384497,,150593.505012848,Uganda,Uganda,0.0832142747138608,-0.285923311439149,0.100532995296115,0.0035704601680488,-0.613731202344715,0.723587661297723,-1.15698692502608,0.767234219875723,0.721249625960037,-1.33599778635945,-0.585273202768132,0.644823454643443,0.0511983939867633,-0.249322944268484,-0.146945051845602,-0.642623220461794,Lango,13.98858818245
AMUDAT,d324,Amudat,2014,8.9,41.6,5.506212856,46,54,35.8,85.5,19,59,27,71.5,29,105767,5.04519343976663,0.652088685215371,2.00204293146008,0.0827958428239357,0.579088067449111,,65409.2689325577,Uganda,Uganda,0.0814039105425639,-1.97039590431078,3.82626625416658,3.79265573156788,0.328527483334452,2.1376812030055,-0.15934550464431,-4.8157291012181,-2.30158876630281,0.172663325276519,-1.87811986313324,-2.07371901485878,-0.255210315063789,0.433051245313048,-1.62815117444927,-0.80677228691126,Karamoja,7.04723637122671
AMURIA,d216,Amuria,2014,11.9,53.7,4.431763867,70,53,62.4,46,65,81,77,52.9,10,270928,9.94239775519696,0.153877549331728,3.67772803446489,0.0589258461686272,0.14300531089545,,402002.92705035,Uganda,Uganda,-0.162940862878886,-0.395414847042492,-0.110133662438374,0.0829909227778614,-0.302638145330163,0.208927926159604,-0.270194551353395,-1.31320965921113,-1.06006585519486,-1.13027127113636,-1.63264264913986,-1.59280726221292,0.707788484809375,-1.21528121263715,1.11482312666863,-0.151900817458853,Teso,13.6201257896619
AMURU,d316,Amuru,2014,33.3,90.8,7.090999579,75,52,73.9,76.45,93,72,58,47.7,18,186696,9.11680813945499,0.204384418784566,4.0741783899706,0.085234280243993,0.253024984647626,,189173.330171532,Uganda,Uganda,0.441806644145729,-0.660931236010377,0.882983877923895,0.459063520751872,0.393004152913185,1.69577697122182,-0.38104359806248,0.20103746797234,-0.304356257129144,-0.581667230541465,0.118428144012875,-0.118276185918585,0.313834430315808,-1.67610534066623,0.0724928922438303,-0.485884830724183,Acholi,13.1909865294256
APAC,d302,Apac,2014,26.2,87.6,5.702769585,120,52,77.1,50.94,125,89,72,49.7,46,368626,11.9632275042859,0.180701024985526,5.37856004765706,0.0886306312274488,0.1749917022846,,407972.612291428,Uganda,Uganda,0.126103668189194,0.254500567911892,0.178598754756503,0.282717698266015,0.482809779390382,0.450144158757546,-0.38104359806248,0.622393190319042,0.559311854945956,1.33844691154068,-0.462534595771445,-0.245459459345589,1.05796986658143,-1.49886529142428,0.840525696556844,0.235476546583272,Lango,17.341787551943
ARUA,d303,Arua,2014,39.2,102,3.329906915,54,54,71.4,52.27,137,103,81,55.5,35,782077,11.4030761516241,0.207189226392257,6.2581606738912,0.0773332907433801,0.176539532517525,,867546.370782495,Uganda,Uganda,-0.413518591589736,0.0743513005297289,0.192570595440955,0.479948032012793,0.184087784920405,0.515086990610838,-0.15934550464431,-0.128146690111022,0.883187396974119,0.584116355722692,0.601199998199845,0.326865271075931,1.67078728468254,-0.984869148622603,1.33426107075807,1.87483004962919,West Nile,17.6612368255153
BUDAKA,d217,Budaka,2014,37.4,104.2,4.265688294,82,51,77.6,43.61,154,83,61,60.3,17,207597,11.4657501912926,0.0970880091156363,3.30491799815858,0.0524622386288014,0.192672247040802,,247301.895410423,Uganda,Uganda,-0.20070877803444,0.0945077855163458,0.338196202392063,-0.339862248645835,-0.473547549936562,0.0922261456112071,-0.491892644771565,0.688230021935715,1.34201108151402,-0.650242735615827,0.45391366980382,0.414303771556997,0.795333830252389,-0.559493030441908,0.237071350310905,-0.403011340111842,Bukedi,14.7706681894512
BUDUDA,d218,Bududa,2014,16.8,137,4.847692431,60,49,71.9,32.82,109,70,74,72.7,14,210173,9.21084924690664,0.0334440431404155,4.48200186921057,0.053499067772194,0.142016083698163,,112196.473095101,Uganda,Uganda,-0.0683528724106955,-0.630686844863739,-0.119063146116376,-0.813753263649656,-0.446131923216662,-0.434640888747455,-0.713590738189735,-0.0623098584943496,0.127477798908406,-0.855969250838914,-1.23169653295068,1.71793232418379,0.226289084872793,0.539395274858222,0.95024466860156,-0.392797373707489,Bugisu,13.6928511161172
BUGIRI,d201,Bugiri,2014,21.2,111,4.210866894,51,39,68.4,50.89,93,71,55,66.1,33,382913,9.59512174646364,0.0706910577087192,3.23321942207632,0.0610837958808063,0.102876293832783,,233487.433601689,Uganda,Uganda,-0.213175933477635,-0.50710165857195,-0.472367337228226,-0.536413137697923,-0.245578075051048,0.447702698913437,-1.82208120528059,-0.523167679811057,-0.304356257129144,0.446965345573968,-0.871663285760402,0.684568227589382,0.2700617575943,-0.0454968876402347,-0.0920855658232441,0.292125202646546,Busoga,12.82834116854
BUHWEJU,d420,Buhweju,2014,21.3,98.8,3.384602049,36,63,67.5,20.59,97,39,38,74.7,36,120720,9.49466103200019,0.0652827343271879,4.45871456208731,0.0454041114218733,0.162104933391577,,151637.812891135,Uganda,Uganda,-0.401080150806313,-0.539410647964333,0.0622734122992599,-0.576683347410194,-0.660177123458721,-1.03182196661645,0.838295915737456,-0.641673976721068,-0.196397743119756,0.652691860797054,-0.863480711960623,0.199681997648927,-1.13066376949394,0.716635324100179,-1.02469682820333,-0.747482908167357,Ankole,13.9533755940875
BUIKWE,d117,Buikwe,2014,28.7,83.7,4.016906889,71,55,72.4,18.79,72,45,48,80.5,24,422771,8.8924228892591,0.0674490577211951,3.25163443377897,0.0186016384919005,0.0241385283460977,,441243.3766782,Uganda,Uganda,-0.257285159657518,-0.733095372081935,-1.18311163710588,-0.560552969985062,-1.36888269727582,-1.11971452100436,-0.0484964579352247,0.00352697312232281,-0.871138455678428,-0.170214200095292,-0.257970250776966,-0.400464073834751,-0.868027733164893,1.23063146690185,-0.476101967979751,0.450164128479122,Buganda,12.1440573230381
BUKEDEA,d219,Bukedea,2014,19.7,92,3.447254683,80,60,72.6,43.77,130,101,81,55.8,32,203600,12.9282365515658,0.0702079078585654,2.61276165969853,0.0565654813842995,0.113510949886654,,341724.449072083,Uganda,Uganda,-0.386832062888025,0.564855389083939,-0.376371202149611,-0.540010656635971,-0.365050434049386,0.100038817112355,0.505748775610201,0.0298617057689903,0.694259997457691,0.378389840499606,-0.994401892757089,-0.0705824583834579,1.58324193923952,-0.95828314123631,1.33426107075807,-0.418859641244684,Teso,15.5409982112643
BUKOMANSIMBI,d118,Bukomansimbi,2014,22.5,108.8,3.823025261,70,54,71.4,22.3,116,66,62,73.8,45,151413,13.3148180053664,0.105626962557214,2.65095288525904,0.0633900534896939,0.0841213777611941,,144233.364856618,Uganda,Uganda,-0.30137656180806,0.689183153990288,-0.641662841236651,-0.276281463704257,-0.184596477332542,-0.948324039947931,-0.15934550464431,-0.128146690111022,0.316405198424834,1.26987140646631,-0.765289826363273,0.597129727108316,0.0511983939867633,0.636877301941298,0.291930836333263,-0.625783657061449,Buganda,15.9657708906254
BUKWO,d220,Bukwo,2014,36.5,117.5,11.46789021,55,34,76.2,36.6,203,101,97,73.5,29,89356,18.4336645973291,0.166666666666667,8.16761056848981,0.0952380952380952,0.153037603930461,,32013.3243148671,Uganda,Uganda,1.43717297653674,2.33544618451184,-0.0195748937806311,0.178218297470646,0.657523007732246,-0.250066524532836,-2.37632643882601,0.503886893409033,2.66450287812901,0.172663325276519,0.380270505605808,0.942909251737985,1.58324193923952,0.610291294555005,2.2120128471158,-0.871842707199243,Sebei,26.6012751658189
BULAMBULI,d225,Bulambuli,2014,25.2,81.9,3.996130895,64,38,69,34.68,150,63,72,63.2,26,174508,8.76203956446879,0.0871646178482614,4.63314639189274,0.138326813514573,0.176768478447058,,145574.543468624,Uganda,Uganda,-0.262009912157179,-0.775027718274101,0.194637227804599,-0.413751515097383,1.79686619039153,-0.343818582546611,-1.93293025198967,-0.44416348187105,1.23405256750463,-0.0330631899465675,-0.544360333769236,-0.472004665137441,-0.0801196241777589,-0.302494959041071,0.840525696556844,-0.5342108487895,Bugisu,13.3951859563615
BULIISA,d416,Buliisa,2014,22.2,116.3,4.594810804,73,56,75.8,33.8,118,90,51,56.9,84,113161,6.77220888579984,0.168201384340044,8.36773822455248,0.0883518691972506,0.314270712848004,,82839.4049600614,Uganda,Uganda,-0.125861702038123,-1.41497357803746,1.43583233560124,0.189645758107906,0.475438810111308,-0.386788275802924,0.0623525887738603,0.451217428115694,0.370384455429528,3.94431610436644,-0.78983754776261,0.895215524202858,1.10174253930294,-0.860801114153234,-0.311523509912677,-0.777454714087584,Bunyoro,15.1399471103523
BUNDIBUGYO,d401,Bundibugyo,2014,18.7,96.8,8.24914118,95,66,74.5,21.8,72,55,54,69.9,9,224387,12.8047549914243,0.118981561918413,7.124129470295,0.195187670207015,0.218304496182701,,177629.011023541,Uganda,Uganda,0.705184291650128,0.525142706986519,0.569571513312326,-0.176843527220036,3.30036947440696,-0.972738638389018,1.17084305586471,0.280041665912346,-0.871138455678428,-1.19884677621073,-1.07622763075488,0.120192451757049,-0.430301005949818,0.291259205919484,-0.146945051845602,-0.336438166226325,Rwenzori,19.9288844617193
BUSHENYI,d402,Bushenyi,2014,45.9,91.5,8.818088739,78,73,79.1,15.12,98,37,30,79.4,23,234440,16.7083348536518,0.0408491133777782,4.33204278213731,0.0458996620044932,0.0981091031196645,,264784.057505023,Uganda,Uganda,0.834570948267423,1.78056599393631,-0.51539946551934,-0.758615338204773,-0.647073875078297,-1.29891767356194,1.94678638282831,0.885740516785732,-0.169408114617409,-0.238789705169654,1.14943244278505,-0.0904548448564273,-1.21820911493695,1.13314943981878,-1.4635727163822,-0.296577527925485,Ankole,21.0403776357891
BUSIA,d202,Busia,2014,27.3,91.6,3.636236113,71,60,77.9,50.41,135,68,60,67.2,6,323662,11.7396918985324,0.087860662122052,3.79732673016214,0.0793972901249516,0.102847898233138,,447730.276636824,Uganda,Uganda,-0.343855034507005,0.182609684458764,-0.47262365654926,-0.408568790822742,0.23866363954011,0.424264684409993,0.505748775610201,0.72773212090572,0.829208139969425,-1.40457329143381,-0.372526283973874,-0.0864803675618337,0.138743739429778,0.0519851394428421,0.182211864288547,0.0571920801992097,Bukedi,15.5370186286945
BUTALEJA,d221,Butaleja,2014,27.4,83.4,4.741634544,53,49,74.7,37.6,168,133,111,51.1,48,244153,13.3837921004437,0.0706200718342127,4.19007527184422,0.0757393809617552,0.104684166720741,,324961.963580722,Uganda,Uganda,-0.0924719237885479,0.711365788446989,-0.456048162533882,-0.536941696338249,0.141941944521629,-0.201237327650661,-0.713590738189735,0.306376398559016,1.71986588054687,1.4755979216894,-0.364343710174095,-0.412387505718532,2.98396746632776,-1.37479725695491,2.98004565142881,-0.258065006308449,Bukedi,17.5738673722879
BUTAMBALA,d119,Butambala,2014,31.7,87.3,6.894421262,56,54,77.2,26.27,108,38,42,71.5,27,100840,21.3299346507689,0,8.67952495685616,0.054421768707483,0.00663303870300955,,105102.049803967,Uganda,Uganda,0.397101977085044,3.26691037858851,-1.341128910056,-1.06277658120679,-0.421734051516014,-0.754472128325698,-0.15934550464431,0.635560556642378,0.100488170406059,0.0355123151277947,-0.0124930367835916,-0.257382891229371,-1.17443644221544,0.433051245313048,-0.8052588841139,-0.826308083679214,Buganda,30.0094596076251
BUVUMA,d120,Buvuma,2014,10.3,98,6.817665264,63,50,66.3,97.12,172,77,84,44.5,31,89890,5.99086980877543,0.0699261891862726,4.92823582202048,0.0789384848276207,0.121581411533894,,81037.3024019892,Uganda,Uganda,0.379646586338664,-1.66625863096848,-0.303521349506447,-0.54210832521323,0.22653200256897,2.70507647077636,-0.60274169148065,-0.799682372601082,1.82782439455626,0.309814335425243,-1.76356382993633,0.167886179292176,0.532697793923345,-1.95968941945336,1.49883952882514,-0.869725370995855,Buganda,10.9191056307959
BUYENDE,d226,Buyende,2014,28.7,118.2,1.731393978,81,41,68.9,40.84,121,66,93,56.5,28,323067,6.3592142029205,0.0605041625074962,1.33765489133959,0.121648323199917,0.22225772622389,,530896.506438873,Uganda,Uganda,-0.777042858819999,-1.54779605396275,0.605256240971448,-0.612264446343972,1.35585691935397,-0.043030729752416,-1.60038311186242,-0.457330848194384,0.451353340936569,0.104087820202157,-0.257970250776966,0.970730592800142,0.0511983939867633,-0.896249124001625,1.99257490302636,0.054832876002552,Busoga,7.69686909426009
DOKOLO,d317,Dokolo,2014,34.9,91.8,5.573357153,83,49,77.6,56.46,99,64,51,78.2,15,183093,9.97379113431128,0.123133764738899,4.33422338816574,0.016407295656127,0.106152179352628,,212286.705231335,Uganda,Uganda,0.0966734656400814,-0.385318478942655,-0.442796813529846,-0.145926352607317,-1.42690506717584,0.719681325547149,-0.713590738189735,0.688230021935715,-0.142418486115062,-0.787393745764552,0.249349324809341,-0.0785314129726458,-0.0363469514562515,1.0268054102736,-0.311523509912677,-0.500170902523439,Lango,14.308014522477
GOMBA,d121,Gomba,2014,19.4,96.9,2.598752389,58,51,68.7,26.27,97,53,47,68.8,48,159922,11.691879218965,0.129881750157786,4.19613662955262,0.107990956104716,0.212544356702068,,110103.532112392,Uganda,Uganda,-0.57979338808595,0.1672327347206,0.517576307745406,-0.0956810605299444,0.994731578072076,-0.754472128325698,-0.491892644771565,-0.483665580841054,-0.196397743119756,1.4755979216894,-1.01894961415643,0.124166929051643,-0.517846351392833,0.193777178836407,-0.530961454002109,-0.592045054524709,Buganda,15.8880158485176
GULU,d304,Gulu,2014,49.7,117.7,5.351242171,85,61,86.3,68.86,119,59,41,79.2,25,436345,15.7745165000096,0.11900234820707,8.6536212774874,0.0503902935400694,0.101532328702379,,696957.49596433,Uganda,Uganda,0.0461614027074228,1.48024235555312,-0.484498943323023,-0.176688753153416,-0.528333503339587,1.32516336688611,0.616597822319286,1.83379089206582,0.397374083931875,-0.10163869502093,1.46037024717665,0.950858206327173,-0.255210315063789,1.11542543489458,-0.860118370136258,0.503985704555478,Acholi,24.428137777497
HOIMA,d403,Hoima,2014,37.1,81.8,3.501637089,60,54,74.6,35.2,75,46,40,76.3,30,572986,7.26735411057133,0.197482840408379,6.05791323486124,0.0703380370595825,0.123822728217103,,582241.835979211,Uganda,Uganda,-0.374464740839027,-1.25573081433353,-0.283289596078279,0.407674580234038,-0.000879299606633774,-0.31842740016788,-0.15934550464431,0.29320903223568,-0.790169570171387,0.241238830350881,0.429365948404483,-0.475979142432035,-0.824255060443385,0.858427363493743,-0.914977856158616,1.04577397453112,Bunyoro,13.3252673454326
IBANDA,d417,Ibanda,2014,27.2,77.5,4.631458243,46,61,68.4,17.13,103,39,36,74.3,52,249625,12.3123756283723,0.100648976200033,3.7811781665314,0.045696163849346,0.104438531971565,,254733.021524742,Uganda,Uganda,-0.117527560286763,0.366789467087322,-0.458265440313479,-0.313347397156584,-0.652454732180219,-1.20077098782877,0.616597822319286,-0.523167679811057,-0.0344599721056749,1.74989994198685,-0.380708857773653,-0.646881666099572,-1.13066376949394,0.681187314251787,-1.13441580024805,-0.236368257797338,Ankole,16.0935537949037
IGANGA,d203,Iganga,2014,31.5,92.8,0,87,46,77.5,34.41,107,59,59,74.6,36,504197,12.5723675516136,0.115571382888792,3.70053235305068,0.0778593593697577,0.0887607907227496,,569720.458781144,Uganda,Uganda,-1.1707861389467,0.450405001129384,-0.59978412780324,-0.202235615486833,0.197997985247748,-0.357002465704798,-1.04613787831699,0.675062655612381,0.0734985419037126,0.652691860797054,-0.0288581843831498,-0.0387866400267069,-0.255210315063789,0.70777332163808,0.127352378266188,0.773022214053996,Busoga,16.2728999046643
ISINGIRO,d418,Isingiro,2014,39.3,96.1,3.09948373,51,62,77.3,18.98,82,46,49,63.6,46,486360,7.3817337604823,0.22322344010723,2.42348688902441,0.0485751592288588,0.196454889720814,,531018.066914744,Uganda,Uganda,-0.465920056439431,-1.21894538118769,0.372341084542003,0.599338294636199,-0.576328918051602,-1.11043697359675,0.727446869028371,0.648727922965712,-0.601242170654959,1.33844691154068,0.609382571999623,0.0923711106948915,-0.824255060443385,-0.26704694919268,-0.421242481957393,0.702297633792175,Ankole,9.80522064950671
JINJA,d204,Jinja,2014,36.7,88.7,0,84,56,79.1,28.48,80,53,40,86.5,21,471242,13.3020761197846,0.0209771974324683,10.9732622840689,0.0305698537872092,0.0224506048561098,,602570.640895211,Uganda,Uganda,-1.1707861389467,0.685085259123623,-1.19834806135189,-0.906581013710601,-1.05242156659623,-0.646559603216092,0.0623525887738603,0.885740516785732,-0.655221427659653,-0.375940715318379,0.396635653205366,-0.201740209105056,-0.517846351392833,1.76235161462772,-0.914977856158616,0.64235402195172,Busoga,24.2753384038535
KAABONG,d318,Kaabong,2014,15.9,50.3,11.95681721,43,59,50.8,95,42,140,81,29.6,37,167879,8.53072036099091,0.67255047558309,6.18599669781702,0.123715721649998,0.57077216260355,,176027.774609753,Uganda,Uganda,1.5483618354381,-0.849421870568732,3.75120085282106,3.94501359389734,1.41052265145643,2.60155857338615,0.394899728901115,-2.84062415271793,-1.68082731074883,0.721267365871417,-1.3053396971487,-1.72793949022911,3.29037617537831,-3.28012778630594,1.33426107075807,-0.560495159074616,Karamoja,14.7167170588079
KABALE,d404,Kabale,2014,38.5,89.2,5.022774497,61,59,78,35.02,117,47,48,77.5,29,528231,17.0011470142864,0.0597121404424659,9.14302580325405,0.0421450797602385,0.0910189034561632,,657826.782433195,Uganda,Uganda,-0.0285367543958741,1.87473678539874,-0.579400761018133,-0.618161818302985,-0.746351780173478,-0.327216655606671,0.394899728901115,0.740899487229053,0.343394826927181,0.172663325276519,0.54392198160139,-0.181867822632087,-0.780482387721878,0.964771393038918,-0.476101967979751,0.868318203402687,Kigezi,26.1441728175405
KABAROLE,d405,Kabarole,2014,45.3,119.5,4.772034279,71,77,77,28.82,90,62,53,79.2,37,469236,10.4967505039111,0.161865931277385,8.86424707462449,0.0418692566384671,0.111141324784113,,690107.132405062,Uganda,Uganda,-0.085558597575118,-0.217130458229391,-0.397761160628466,0.142472169278739,-0.753645039429733,-0.629957676276153,2.39018256966465,0.609225823995709,-0.385325142636184,0.721267365871417,1.10033699998637,1.02239879762986,-0.123892296899266,1.11542543489458,-0.20180453786796,0.634400133517274,Tooro,19.3609975785356
KABERAMAIDO,d213,Kaberamaido,2014,22.6,85,5.960052308,84,56,73.5,58.85,130,81,61,54.7,29,215026,9.26062696288256,0.165905693051172,3.00799494968844,0.0256938556772332,0.147397799478176,,257706.532718087,Uganda,Uganda,0.184613368789497,-0.614677923306366,-0.0704838679191468,0.172552111312818,-1.18135172343251,0.836383106095546,0.0623525887738603,0.148368002679001,0.694259997457691,0.172663325276519,-0.757107252563494,-0.34879586900503,0.707788484809375,-1.05576516831939,0.237071350310905,-0.373554990570716,Teso,12.268621912571
KALANGALA,d101,Kalangala,2014,19.5,59.8,37.36715438,80,65,63.9,7.74,62,29,24,85,21,54293,10.4400808209804,0.0282970504355138,13.9232076756313,0.062034996532071,0.0569158095496971,,69494.3027205477,Uganda,Uganda,7.32702898663061,-0.235355892862786,-0.887240073607107,-0.852077613173895,-0.220426619618893,-1.65927714655239,1.05999400915563,-1.11569916436111,-1.1410347407019,-0.375940715318379,-1.01076704035665,-1.35036414724269,-1.56839049670901,1.62942157769625,-1.79272963251635,-1.01086922274111,Buganda,24.3632884966117
KALIRO,d222,Kaliro,2014,32.6,96.4,3.484293032,89,44,71.9,42.18,113,70,69,57.2,27,236199,11.3232224591669,0.0436833437052121,3.15350419449238,0.148962266569825,0.134101200328706,,144598.807657087,Uganda,Uganda,-0.378409022718633,0.0486696983599474,-0.190508636146052,-0.737511746276746,2.07808669120204,0.0224003940696976,-1.26783597173516,-0.0623098584943496,0.235436312917794,0.0355123151277947,0.0611501274144209,0.104294542578674,0.226289084872793,-0.83421510676694,0.67594723848977,-0.289603006611332,Busoga,14.4767266536593
KALUNGU,d122,Kalungu,2014,40.4,70.3,5.260430811,76,58,75.3,19.8,143,68,62,72.1,47,183232,16.5188749368589,0.0580537169194403,4.57555168138521,0.0165156731912424,0.0516931174989617,,154396.489889894,Uganda,Uganda,0.0255096254611661,1.71963413142034,-0.934383888041417,-0.630510388895503,-1.42403937028983,-1.07039703215337,0.28405068219203,0.385380596499022,1.0451251679882,1.40702241661504,0.699390883797194,-0.933044031310333,0.138743739429778,0.486223260085635,0.291930836333263,-0.499619760702708,Buganda,21.0944266182441
KAMPALA,d102,Kampala,2014,46.7,94.5,0,326,75,72.2,4,71,41,39,87.2,36,1507080,5.57935381122071,0.0652624167965719,16.4593065083158,0.0348526252802401,0.00471403016638897,,1629221.47602641,Uganda,Uganda,-1.1707861389467,-1.79860554957047,-1.35845127589137,-0.576834631118845,-0.939177388104708,-1.84189834289172,2.16848447624648,-0.0228077595243465,-0.898128084180775,0.652691860797054,1.21489303318328,0.0287794739813894,-1.04311842405092,1.82438563186241,-0.969837342180974,4.74950252053578,Buganda,22.0386603195365
KAMULI,d205,Kamuli,2014,35.2,145.7,4.243695914,64,48,74.2,36.42,92,64,60,67,28,486319,11.238176422315,0.0443308640866347,4.01587141799392,0.0516900708830845,0.0485749945939051,,682593.137693048,Uganda,Uganda,-0.205710153775041,0.0213181956637173,-0.962530331712868,-0.732690329413638,-0.493965053453537,-0.258855779971627,-0.82443978489882,0.240539566942343,-0.33134588563149,0.104087820202157,0.273897046208679,2.06371184881346,-0.0363469514562515,0.0342611345186462,0.182211864288547,0.702135066780305,Busoga,15.2540478403089
KAMWENGE,d413,Kamwenge,2014,55.9,125.4,2.844528531,76,61,83.8,37.67,95,51,38,68,43,414454,8.1950371863919,0.103866079534818,3.01131181496077,0.112406144952051,0.150354702470697,,295523.200785138,Uganda,Uganda,-0.523900445429565,-0.957380331597464,-0.0437927123569426,-0.289392944580718,1.11147710949139,-0.197819283868909,0.616597822319286,1.50460673398245,-0.25037700012445,1.13272039631759,1.96768982276296,1.2568929580109,-0.605391696835848,0.122881159139624,-1.02469682820333,0.417186815363825,Tooro,11.2063490013527
KANUNGU,d414,Kanungu,2014,38.8,75.5,8.431598186,60,61,75.8,33.21,101,38,31,72.5,34,252144,14.5216481747294,0.0791395345093461,7.74448784486676,0.0154147861214311,0.0971742133133212,,282253.550687955,Uganda,Uganda,0.746677574483145,1.07730963057973,-0.523838460412897,-0.473506039044704,-1.45314880375729,-0.415597501963407,0.616597822319286,0.451217428115694,-0.0884392291103686,0.51554085064833,0.568469703000728,-0.72637121199145,-1.17443644221544,0.521671269934027,-1.40871323035984,-0.226380299189976,Kigezi,22.2661360195962
KAPCHORWA,d206,Kapchorwa,2014,22.5,62.8,11.18718257,77,41,69.4,35.54,106,56,50,65.8,37,105186,16.2553014301417,0.0956024827510237,12.0920739206977,0.0546875976539789,0.0908280184655326,,185542.748660341,Uganda,Uganda,1.37333612118514,1.63486673076904,-0.581123827683592,-0.350923432309583,-0.414705056223088,-0.301825473227941,-1.60038311186242,-0.391494016577712,0.0465089134013658,0.721267365871417,-0.765289826363273,-1.23112982840487,-0.386528333228311,-0.0720828950265279,-0.366382995935035,-0.809075980420938,Sebei,28.3473753508394
KASESE,d406,Kasese,2014,35.8,89,5.911744584,60,58,71.2,48.37,96,60,64,66.2,16,694992,11.7570638000585,0.110061599810206,5.19035350729803,0.0584794483455133,0.0965249797539394,,1000168.95021167,Uganda,Uganda,0.173627514648323,0.188196630412016,-0.529698914399211,-0.243261290985726,-0.314441706374967,0.324653122770357,0.28405068219203,-0.154481422757691,-0.223387371622103,-0.71881824069019,0.322992489007353,-0.189816777221275,-0.211437642342281,-0.0366348851781361,0.401649808377979,1.52953375136712,Rwenzori,16.9474173073565
KATAKWI,d207,Katakwi,2014,23.8,78.4,9.374135677,55,55,66.7,42.37,109,82,52,65.5,23,166231,11.0555097750786,0.223326279260191,5.82173659799411,0.0904853057450328,0.220208342776307,,159153.002792212,Uganda,Uganda,0.96102382268797,-0.0374288956686889,0.58675701642996,0.600104031809111,0.531850708250287,0.0316779414773107,-0.0484964579352247,-0.747012907307743,0.127477798908406,-0.238789705169654,-0.658916366966144,-0.611111370448227,0.751561157530882,-0.0986689024128211,-0.256664023890319,-0.567029559941998,Teso,16.8772463730727
KAYUNGA,d112,Kayunga,2014,36.9,101.4,4.084526104,78,46,75.9,35.89,100,53,56,74.6,20,368062,12.2801652244547,0.110831995274446,4.66548504679455,0.0901984722139851,0.15395587386748,,427036.806925142,Uganda,Uganda,-0.24190760154423,0.356430337112423,-0.0112859219073358,-0.237524950031657,0.524266313976584,-0.28473525431918,-1.04613787831699,0.46438479443903,-0.115428857612715,-0.444516220392741,0.413000800804924,0.303018407308368,-0.517846351392833,0.70777332163808,-0.037226079800886,0.233240258907784,Buganda,16.9456502712493
KIBAALE,d407,Kibaale,2014,31.7,109.6,2.232412841,51,51,70.7,35.83,99,46,41,71.5,20,785088,8.12551188307592,0.15777642991477,3.24342720512915,0.0829137845154999,0.175963437131225,,765289.340800632,Uganda,Uganda,-0.663104140637067,-0.979740239142772,0.187370339763547,0.112021867794641,0.331646073712861,-0.28766500613211,-0.491892644771565,-0.220318254374364,-0.142418486115062,-0.444516220392741,-0.0124930367835916,0.628925545465067,-0.824255060443385,0.433051245313048,-0.860118370136258,1.886768812379,Bunyoro,11.3689390882051
KIBOGA,d103,Kiboga,2014,36.3,98.1,5.413982437,49,50,76.6,34.67,71,35,33,85.1,20,148218,12.9567080776269,0.0238814376602189,8.58566196931936,0.0341163395145984,0.0568990821649752,,180414.986565539,Uganda,Uganda,0.0604294193718895,0.57401206528723,-0.887391067139492,-0.884956130216076,-0.958646107554432,-0.344306874515432,-0.60274169148065,0.55655635870237,-0.898128084180775,-0.444516220392741,0.363905358006249,0.171860656586769,-1.30575446037997,1.63828358015835,-1.29899425831512,-0.638451988840141,Buganda,21.5423700469463
KIBUKU,d227,Kibuku,2014,25.8,77.1,2.696635717,66,53,70.4,48.51,131,72,64,57.7,24,202033,10.498444147056,0.143081685176171,3.2465941490749,0.053424060740031,0.152928349623861,,265447.021532524,Uganda,Uganda,-0.557533346104657,-0.216585768708763,-0.0205611025607897,0.0026052500102001,-0.448115244006064,0.331489210333862,-0.270194551353395,-0.259820353344367,0.721249625960037,-0.170214200095292,-0.495264890970561,-0.662779575277948,0.313834430315808,-0.789905094456451,0.401649808377979,-0.425072873137394,Bukedi,13.7450382961309
KIRUHURA,d419,Kiruhura,2014,55,109.1,4.204364157,49,68,76.7,17.91,85,50,48,61.9,26,328077,7.66126496357222,0.0837987577054937,3.60703825056106,0.0681588266874198,0.121798142759655,,476997.232506089,Uganda,Uganda,-0.214654747097594,-1.12904585455474,-0.301564975937004,-0.438813606294499,-0.0585015399613527,-1.16268421426068,1.39254114928288,0.569723725025705,-0.520273285147919,-0.0330631899465675,1.89404665856495,0.609053158992098,-0.649164369557355,-0.417700991048343,-0.476101967979751,0.0746977718433169,Ankole,11.2683032141333
KIRYANDONGO,d421,Kiryandongo,2014,21.8,82.8,3.515408856,56,61,63.8,24.9,80,70,58,60.7,51,266197,7.14524786196279,0.276840096232634,3.41289946218093,0.0688164401226574,0.210441956100867,,487622.735393426,Uganda,Uganda,-0.371332847820672,-1.29500118496654,0.498598511841157,0.998566268616812,-0.0411130583765538,-0.821368128054277,0.616597822319286,-1.12886653068444,-0.655221427659653,1.68132443691249,-0.822567842961727,-0.436234369486096,0.226289084872793,-0.524045020593516,0.0724928922438303,-0.170659464609084,Bunyoro,10.5581473241437
KISORO,d408,Kisoro,2014,31.9,98.3,8.365326303,68,56,78.8,44.3,115,48,43,78.4,44,281705,14.6099377473564,0.130893602082929,7.56366832325544,0.0586718712863898,0.215817707090162,,339591.484732699,Uganda,Uganda,0.731606418568225,1.10570428097316,0.547123947502004,-0.0881468421874502,-0.309353697851061,0.125918291459907,0.0623525887738603,0.846238417815729,0.289415569922488,1.20129590139195,0.00387211081596668,0.179809611175957,-0.73670971500037,1.0445294151978,-0.750399398091542,-0.109169483631323,Kigezi,22.1736060706118
KITGUM,d305,Kitgum,2014,30.2,86.5,9.630071773,71,50,72,74.39,91,69,49,59.4,48,204048,15.3800438880351,0.131928289338287,8.3762304964159,0.0746051825598698,0.156199252561373,,247520.01949342,Uganda,Uganda,1.0192272814168,1.35337672948287,0.00896444472798664,-0.0804425926778576,0.111951699541967,1.59518882564454,-0.60274169148065,-0.0491424921710159,-0.358335514133837,1.4755979216894,-0.135231643780279,-0.289178709586122,0.182516412151286,-0.639251052600788,-0.421242481957393,-0.417083299261318,Acholi,23.756274384451
KOBOKO,d319,Koboko,2014,22.2,105.6,3.949849884,77,57,71.3,61.16,93,89,67,58.2,34,206495,9.68825176562306,0.0749938069458747,3.74643068681813,0.0406255605781751,0.2108221655348,,159549.456290585,Uganda,Uganda,-0.272534863329626,-0.477150280889594,0.502030558537647,-0.504374999092664,-0.786530599369153,0.949178550893369,0.173201635482945,-0.141314056434358,-0.304356257129144,0.51554085064833,-0.78983754776261,0.469946453681311,1.05796986658143,-0.745595082145962,0.566228266445054,-0.407380824186997,West Nile,13.4346824524412
KOLE,d325,Kole,2014,17.5,89.9,2.378173426,110,54,67.8,52.53,104,108,89,48.5,38,239327,11.5250713637154,0.271955142862721,2.6079666889461,0.0352007078495562,0.171553925007074,,274486.236416326,Uganda,Uganda,-0.629956138749373,0.113585960908472,0.147566878386279,0.962193055928971,-0.929973459136384,0.527782581800203,-0.15934550464431,-0.602171877751065,-0.00747034360332799,0.789842870945779,-1.17441851635223,-0.154046481569929,1.88965064829008,-1.60520932096945,1.77313695893693,-0.277200333120332,Lango,14.1330380526615
KOTIDO,d306,Kotido,2014,22.5,79.3,4.879877148,76,60,62.9,90,30,68,41,44.9,29,181050,6.30001504730005,0.775068202380362,3.21427200097666,0.118836803246973,0.63159320183843,,231807.919465242,Uganda,Uganda,-0.0610336162491555,-1.5668349877509,4.30021575922117,4.70835743747174,1.28151527682138,2.35741258897528,0.505748775610201,-1.24737282759445,-2.004702852777,0.172663325276519,-0.765289826363273,-0.575341074796882,0.138743739429778,-1.92424140960497,-0.860118370136258,-0.508271497773476,Karamoja,9.51428704827671
KUMI,d208,Kumi,2014,39.5,80,6.458968041,61,52,76.8,44.6,108,97,69,51.5,15,239268,10.3368153307461,0.07746277868761,4.16794686854988,0.0585877772455156,0.0917935443647331,,294256.218142651,Uganda,Uganda,0.298073805705857,-0.268566921137854,-0.572408289148821,-0.485991111370107,-0.311577295488789,0.14056705052456,-0.38104359806248,0.582891091349039,0.100488170406059,-0.787393745764552,0.625747719599182,-0.547519733734725,1.40815124835349,-1.33934924710652,0.67594723848977,-0.277434271015462,Teso,14.504762199296
KWEEN,d228,Kween,2014,14.8,60.4,7.113613663,64,30,58.4,37.9,103,74,78,57.4,44,93667,13.9699518529396,0.0461616576176831,8.36823328588462,0.00469301011498092,0.115736372664241,,155673.234090059,Uganda,Uganda,0.446949404097745,0.899879570444052,-0.356282918665679,-0.719058297037957,-1.73665183860197,-0.186588568586009,-2.81972262566235,-1.83990431214451,-0.0344599721056749,1.20129590139195,-1.39534800894627,-1.32651728347513,0.401379775758823,-0.816491101842745,1.16968261269099,-0.854749380658417,Sebei,22.3381851388242
KYANKWANZI,d123,Kyankwanzi,2014,25.9,93.4,2.327900009,63,46,68.8,34.67,91,45,42,72.6,21,214693,10.3336959716892,0.0366924372896289,3.29635090341192,0.0803599486120569,0.0678609551590321,,128481.067298483,Uganda,Uganda,-0.641389019055231,-0.269570132584425,-0.78844123412923,-0.789565820631058,0.264118060752524,-0.344306874515432,-1.04613787831699,-0.47049821451772,-0.358335514133837,-0.375940715318379,-0.487082317170782,-0.0149397762591432,-0.868027733164893,0.530533272396124,-0.8052588841139,-0.37487535191103,Buganda,13.6300468751011
KYEGEGWA,d422,Kyegegwa,2014,53.9,149.7,2.775878832,81,57,83.3,18.81,120,50,40,74.8,52,281637,4.97549761715522,0.149398020054129,2.22546671979214,0.135280991394427,0.209720684464377,,386462.075392797,Uganda,Uganda,-0.539512350060996,-1.99281065225949,0.492087789811772,0.0496364854235453,1.71632917729417,-1.11873793706672,0.173201635482945,1.43876990236578,0.424363712434222,1.74989994198685,1.80403834676738,2.22269094059722,-0.649164369557355,0.725497326562276,-0.914977856158616,-0.109439106968084,Tooro,7.20096433694736
KYENJOJO,d415,Kyenjojo,2014,51.2,110.1,3.525007593,91,66,76,35.5,80,58,50,70.1,47,422204,6.13390211651869,0.163046924644802,3.35138312852726,0.0770851718268048,0.225819594794613,,468013.979451126,Uganda,Uganda,-0.369149960367281,-1.62025826815674,0.637408255546751,0.151265809603038,0.177527074660355,-0.303778641103228,1.17084305586471,0.477552160762364,-0.655221427659653,1.40702241661504,1.58310885417334,0.648797931938037,-0.298982987785296,0.308983210843678,-0.366382995935035,0.447915945656425,Tooro,9.48528524504595
LAMWO,d326,Lamwo,2014,33.5,86.4,13.27585893,59,53,72.4,67.11,100,67,48,59.5,54,134379,11.9201084338394,0.216284469123385,6.09707808358725,0.0569152599248606,0.222352187757506,,268285.559521402,Uganda,Uganda,1.8483304272526,0.240633121347273,0.606108919430892,0.547670929910741,-0.355801660552071,1.23971227234231,-0.270194551353395,0.00352697312232281,-0.115428857612715,1.88705095213557,0.134793291612433,-0.293153186880716,0.0949710667082707,-0.630389050138691,-0.476101967979751,-0.69332430292005,Acholi,18.0171865174267
LIRA,d307,Lira,2014,28.7,90,0,80,62,79.6,54.67,121,94,76,59.2,39,408043,10.1052564543473,0.169553551387553,7.09797083731787,0.0308686325001447,0.136456381107561,,423318.240649388,Uganda,Uganda,-1.1707861389467,-0.343038154208797,-0.169249062631286,0.199713952394356,-1.04452132023655,0.632277063128057,0.727446869028371,0.951577348402404,0.451353340936569,0.858418376020141,-0.257970250776966,-0.150072004275336,1.27683323018897,-0.656975057524984,1.05996364064628,0.391766885775972,Lango,17.2032272916652
LUUKA,d229,Luuka,2014,14.9,81.2,2.605271726,49,39,62.5,36.52,111,75,76,62,33,238020,12.7355979329134,0.0476294961476268,2.82698809634181,0.0761194261961379,0.0676856691200359,,179435.05072935,Uganda,Uganda,-0.578310799393112,0.502901229989559,-0.790023493319526,-0.708128816447644,0.151991023821638,-0.25397286028341,-1.82208120528059,-1.30004229288779,0.1814570559131,0.446965345573968,-1.38716543514649,-0.499826006199598,0.44515244848033,-0.408838988586245,1.05996364064628,-0.282382652254839,Busoga,15.5625860292552
LUWERO,d104,Luwero,2014,42.9,111.7,4.289605004,87,55,79.5,18.64,105,50,52,73.2,64,456958,15.0360001512205,0.0427423088618797,3.91760615607892,0.0738267248182751,0.0690600699396763,,424956.786643062,Uganda,Uganda,-0.195269782655631,1.24272944310205,-0.777617152572254,-0.744518662804142,0.0913678772248748,-1.12703890053669,-0.0484964579352247,0.938409982079071,0.0195192848990189,2.5728060028792,0.903955228791673,0.712389568651539,-0.649164369557355,0.583705287168711,-0.256664023890319,0.585717261035655,Buganda,18.9536063072994
LWENGO,d124,Lwengo,2014,30.4,144.3,2.714241832,55,57,71.5,29.63,120,62,62,74.3,29,274953,11.8677310655349,0.0729094040798774,2.93733175660109,0.0864368067211541,0.0777783588951844,,277257.167914465,Uganda,Uganda,-0.553529468559469,0.223788130287939,-0.698919539787427,-0.519895398783483,0.424801115053707,-0.590406026801592,0.173201635482945,-0.114979323787688,0.424363712434222,0.172663325276519,-0.118866496180721,2.00806916668915,-0.123892296899266,0.681187314251787,0.291930836333263,-0.135941494952051,Buganda,14.805062822136
LYANTONDE,d114,Lyantonde,2014,61.5,108.7,9.483458135,59,70,85.7,26.53,133,43,42,65.5,41,93753,12.6475074392257,0.0620689655172414,10.6008937083576,0.0758620689655172,0.217413132514203,,132966.695935739,Uganda,Uganda,0.985885283309518,0.474570605015144,0.561525416974856,-0.600612971216575,0.145186035928186,-0.741776537136333,1.61423924270105,1.75478669412581,0.775228882964731,0.995569386168865,2.42591395555059,0.593155249813722,-0.955573078607907,-0.0986689024128211,-0.8052588841139,-0.854408386438396,Buganda,23.2484011475833
MANAFWA,d223,Manafwa,2014,16.3,99.5,4.186227089,75,44,68.3,33.6,124,77,92,57.6,1,353825,13.4015383521697,0.102399508630136,3.20893898645448,0.0628787530857693,0.140214597645521,,440945.83558525,Uganda,Uganda,-0.218779370803661,0.717073128493615,-0.135324668593044,-0.300312986472285,-0.198116179305679,-0.396554115179359,-1.26783597173516,-0.536335046134392,0.532322226443609,-1.74745081680562,-1.27260940194958,0.227503338711084,0.532697793923345,-0.798767096918549,1.93771541700401,0.17678985529801,Bugisu,16.6104773386242
MARACHA,d320,Maracha,2014,38.5,104.4,6.631197945,48,57,71.8,54.05,160,171,129,48.8,2,186134,12.6835750628124,0.259389848282343,6.20606582785653,0.0793203611920453,0.244039746163147,,303606.557787292,Uganda,Uganda,0.337241302069222,0.486170248458802,0.801876584664922,0.868632258589037,0.236629500239571,0.602002961061108,0.173201635482945,-0.0754772248176852,1.5039488525281,-1.67887531173126,0.54392198160139,0.422252726146185,4.64732902974504,-1.57862331358316,3.96751639983126,-0.48811318830153,West Nile,18.8896408906689
MASAKA,d105,Masaka,2014,45.2,105.6,0,71,64,85.8,20.06,110,39,38,85.2,6,297004,10.8965601339554,0.0251905769955083,9.55423861067816,0.0173621688567904,0.0230406913058645,,424655.617479098,Uganda,Uganda,-1.1707861389467,-0.0885484033926855,-1.19302151216669,-0.87520831895266,-1.40165650293452,-1.057701440964,0.94914496244654,1.76795406044914,0.154467427410753,-1.40457329143381,1.09215442618659,0.469946453681311,-1.13066376949394,1.64714558262045,-1.02469682820333,-0.0485081979091953,Buganda,20.4507987446336
MASINDI,d409,Masindi,2014,37.1,67.5,0,73,67,69.1,42.3,71,57,46,71,8,291113,9.92019798272494,0.0878050473107844,4.87756689487057,0.0831639441094306,0.102771782492495,,348881.434296793,Uganda,Uganda,-1.1707861389467,-0.402554475872952,-0.473310732547145,-0.408982896998512,0.338260743151226,0.0282598976955584,1.2816921025738,-0.430996115547717,-0.898128084180775,-1.26742228128509,0.429365948404483,-1.04432939555896,-0.342755660506804,0.388741233002559,-0.585820940024467,-0.0718663019806415,Bunyoro,14.7977648775955
MAYUGE,d214,Mayuge,2014,24.1,89.1,3.099976894,58,44,67.6,44.95,107,62,67,68.1,4,473239,9.00380330451143,0.0979811921008841,2.52188096749611,0.125158138595112,0.0911408971101308,,524079.906624137,Uganda,Uganda,-0.46580790402729,-0.697274517391358,-0.578299557629355,-0.333211635583349,1.44866274888107,0.157657269433321,-1.26783597173516,-0.628506610397734,0.0734985419037126,-1.54172430158254,-0.634368645566807,-0.185842299926681,-0.123892296899266,0.131743161601722,0.566228266445054,0.650272224944535,Busoga,11.5256842720075
MBALE,d209,Mbale,2014,33.4,112.3,0,76,54,79.7,34.89,116,63,78,72.2,4,488960,13.2982580025481,0.0736381493188758,9.49828066570791,0.0558027371069448,0.0789774486373842,,705061.852165743,Uganda,Uganda,-1.1707861389467,0.683857321317767,-0.688095684245649,-0.514469184126738,-0.385218764119925,-0.333564451201354,-0.15934550464431,0.96474471472574,0.316405198424834,-1.54172430158254,0.126610717812654,0.736236432419102,-0.0801196241777589,0.495085262547733,1.16968261269099,0.712606761374209,Bugisu,22.796538668256
MBARARA,d410,Mbarara,2014,57.6,86.4,0,47,75,79.3,13.2,101,37,34,78.3,36,472629,14.8071110586216,0.0696504828898904,7.44522512494975,0.0293776188218561,0.0747907479449564,,650383.177750422,Uganda,Uganda,-1.1707861389467,1.16911683438922,-0.725887887695213,-0.544161225824207,-1.08394640266091,-1.39266973157572,2.16848447624648,0.912075249432401,-0.0884392291103686,0.652691860797054,2.10679357735921,-0.293153186880716,-1.21820911493695,1.0356674127357,-1.24413477229277,0.647853545011827,Ankole,22.2523361835714
MITOOMA,d423,Mitooma,2014,31.4,103.2,2.926841721,67,71,74.8,18.1,96,36,33,69.7,32,183444,16.3537818095684,0.0899319703170575,3.03998088356604,0.0748457064102473,0.0926232736421821,,170004.54517585,Uganda,Uganda,-0.50518127126117,1.66653882817795,-0.56491854962239,-0.393145893649755,0.118311582596186,-1.15340666685306,1.72508828941014,0.319543764882349,-0.223387371622103,0.378389840499606,-0.0370407581829291,0.374558998611058,-1.26198178765846,0.273535200995288,-1.29899425831512,-0.498779170299865,Ankole,19.3937626931344
MITYANA,d115,Mityana,2014,44.4,101.8,5.771572925,56,54,81.6,16.57,84,39,45,81.8,22,328964,11.0808882746615,0.0738222645808599,5.75410922050799,0.0526261475936505,0.0863369073326905,,456089.819332141,Uganda,Uganda,0.141750512939437,-0.0292669621387728,-0.621663861021525,-0.513098267543486,-0.469213502205569,-1.22811533808279,-0.15934550464431,1.21492467486909,-0.547262913650265,-0.307365210244016,1.02669383578836,0.318916316486743,-1.13066376949394,1.34583749890912,-0.640680426046826,0.0782147703684183,Buganda,16.8349974951695
MOROTO,d308,Moroto,2014,24.9,57.8,8.964291153,57,62,58.4,86.91,29,42,34,63.6,36,103432,13.4627693367773,0.277142095814995,20.4066539064447,0.101418874343225,0.40644099620253,,120168.335635804,Uganda,Uganda,0.867819428268085,0.736765515141849,2.26782830484697,1.00081494822725,0.820953920013451,2.20653037060936,0.727446869028371,-1.83990431214451,-2.03169248127934,0.652691860797054,-0.568908055168574,-1.42985369313457,-0.999345751329415,-0.26704694919268,-1.24413477229277,-0.81603067648974,Karamoja,33.869423243222
MOYO,d309,Moyo,2014,9.9,21.4,12.51740703,60,63,57.6,62.18,26,50,38,78.4,10,139012,13.1878629965125,0.159198648861773,11.2868857118615,0.0313804364351584,0.20132477787483,,156229.239553373,Uganda,Uganda,1.67584782495702,0.648353382310107,0.416300234577748,0.122611666372174,-1.0309883039961,0.998984331713187,0.838295915737456,-1.94524324273118,-2.11266136678638,-1.13027127113636,-1.79629412513545,-2.87656342836675,-0.649164369557355,1.0445294151978,-1.02469682820333,-0.67495423057868,West Nile,24.474748708374
MPIGI,d106,Mpigi,2014,54.2,117.8,4.312189308,66,57,77.9,19.53,96,46,45,75.2,17,250548,12.3028317768324,0.0448385597918339,3.71339439986411,0.0645770645455166,0.0515666037901325,,358288.029601059,Uganda,Uganda,-0.190133795093395,0.363720086187415,-0.935525892730665,-0.728910042793166,-0.153209770828184,-1.08358091531155,0.173201635482945,0.72773212090572,-0.223387371622103,-0.650242735615827,1.82858606816672,0.954832683621766,-0.824255060443385,0.760945336410668,-0.640680426046826,-0.232708517505716,Buganda,16.0162261766965
MUBENDE,d107,Mubende,2014,30.8,95.9,2.527301233,49,52,70.5,24.55,70,54,47,73.3,9,684337,7.31177858299972,0.13522055952849,4.63964513662232,0.123699654131514,0.125958788485535,,749231.757675537,Uganda,Uganda,-0.596042383340503,-1.24144353978928,-0.264007963552908,-0.0559284500062718,1.41009779737909,-0.838458346963038,-0.38104359806248,-0.246652987021033,-0.925117712683121,-1.19884677621073,-0.0861362009816038,0.0844221561057042,-0.474073678671326,0.592567289630809,-0.530961454002109,1.48728615352613,Buganda,11.951423719622
MUKONO,d108,Mukono,2014,26.8,94.2,0,80,65,75.8,16.29,91,51,57,75.8,14,596804,11.4117750561362,0.09514427632667,2.40448922617935,0.0427344794857382,0.0302946056753694,,1134311.07647607,Uganda,Uganda,-1.1707861389467,0.0771489395382493,-1.12754240873953,-0.354335223265583,-0.730766991719097,-1.2417875132098,1.05999400915563,0.451217428115694,-0.358335514133837,-0.855969250838914,-0.41343915297277,0.0168560420976079,-0.605391696835848,0.814117351183254,0.0176334062214721,1.14021351328068,Buganda,13.8162642823156
NAKAPIRIPIRIT,d311,Nakapiripirit,2014,22.2,99.6,6.849425779,61,61,65,85.48,31,55,48,66.3,20,156690,8.16891884224318,0.4142525231024,3.55477799396069,0.157394084013134,0.338929386828174,,190331.734946521,Uganda,Uganda,0.386869373014322,-0.965780205205318,1.65841944949274,2.02173497668892,2.30103910440265,2.13670461906785,0.616597822319286,-0.97085813480443,-1.97771322427465,-0.444516220392741,-0.78983754776261,0.231477816005678,-0.430301005949818,-0.0277728827160388,-0.476101967979751,-0.604860093118991,Karamoja,11.7236968362039
NAKASEKE,d116,Nakaseke,2014,32.6,71.3,7.339622669,68,53,71.8,24.81,118,46,62,75.3,33,197369,10.928796021342,0.0473093032017964,7.87605211878202,0.132300741557092,0.0540616396296871,,300426.159228534,Uganda,Uganda,0.498347022716824,-0.0781810777252313,-0.913003885787837,-0.710512963283429,1.63752601325012,-0.825762755773673,-0.270194551353395,-0.0754772248176852,0.370384455429528,0.446965345573968,0.0611501274144209,-0.893299258364394,-0.824255060443385,0.769807338872765,0.291930836333263,-0.443565861999935,Buganda,18.804848140124
NAKASONGOLA,d109,Nakasongola,2014,48.9,77.9,0,73,52,75.4,24.35,104,36,35,74.9,23,181799,14.4019936770424,0.0570270384065984,5.47335832586023,0.0961924938405916,0.0623776316172976,,224961.801668435,Uganda,Uganda,-1.1707861389467,1.03882776314362,-0.837937697834842,-0.638155005554412,0.682759022744729,-0.848224186339473,-0.38104359806248,0.398547962822357,-0.00747034360332799,-0.238789705169654,1.39490965677842,-0.630983756921197,-1.26198178765846,0.734359329024375,-1.18927528627041,-0.505301676020036,Buganda,19.8753520029026
NAMAYINGO,d230,Namayingo,2014,23.2,91.2,2.789780701,41,50,65.6,50.89,89,68,56,68.9,8,215442,10.9280978937162,0.0507146145432169,3.18552402739909,0.0926054652541679,0.12234197415395,,259932.350357924,Uganda,Uganda,-0.536350870022655,-0.0784056012932445,-0.296655958501717,-0.685157119673399,0.587911537615963,0.447702698913437,-0.60274169148065,-0.891853936864424,-0.412314771138531,-1.26742228128509,-0.708011809764819,-0.102378276740209,0.138743739429778,0.202639181298505,-0.037226079800886,-0.371905530157591,Busoga,14.1136219211153
NAMUTUMBA,d224,Namutumba,2014,28.8,107.9,3.03939856,61,48,73.4,37.56,152,76,71,59.6,13,252562,11.0942506679189,0.101573913959971,2.37881811975404,0.186630977161766,0.163360044154888,,375374.449674347,Uganda,Uganda,-0.479584267025458,-0.0249695069164409,0.0736029542950793,-0.306460339017514,3.07411512577078,-0.203190495525948,-0.82443978489882,0.135200636355668,1.28803182450932,-0.924544755913276,-0.249787676977187,0.561359431456971,0.488925121201838,-0.621527047676593,0.785666210534486,-0.22472290867871,Busoga,13.4730687876729
NAPAK,d327,Napak,2014,25.6,98.4,8.153780561,89,62,68.2,86.91,37,72,53,58.1,23,142224,6.93554072439866,0.699373076814888,4.52813631059747,0.0612322865116264,0.529041424207041,,138997.623181846,Uganda,Uganda,0.683497949086234,-1.36244471967813,3.37450887710047,4.14473385846615,-0.2416517157932,2.20653037060936,0.727446869028371,-0.549502412457726,-1.81577545326057,-0.238789705169654,-0.511630038570119,0.183784088470551,0.313834430315808,-0.75445708460806,-0.20180453786796,-0.662218492965798,Karamoja,11.4636770349961
NEBBI,d310,Nebbi,2014,40.1,97.5,4.760670704,54,52,77.7,65.05,126,98,71,50.4,22,396794,10.9208735367179,0.15281741912719,4.92709235785965,0.0610800022408677,0.157960798645398,,505345.656705524,Uganda,Uganda,-0.0881428339484211,-0.0807290137323407,0.0248654400185413,0.0750972258504837,-0.245678385711805,1.13912412676503,-0.38104359806248,0.70139738825905,0.586301483448303,-0.307365210244016,0.674843162397857,0.148013792819206,1.451923921075,-1.43683127418959,0.785666210534486,0.347164048787396,West Nile,15.8479658945776
NGORA,d231,Ngora,2014,34,83.1,6.387716873,63,50,73.9,44.3,102,66,59,67.5,16,141919,11.4769772517487,0.0679367978541539,4.14010537969446,0.129212653942377,0.145014311089156,,262719.131162595,Uganda,Uganda,0.281870290528113,0.0981185002033866,-0.0919989664979476,-0.556921271942298,1.55587142448504,0.125918291459907,-0.60274169148065,0.20103746797234,-0.0614496006080217,-0.71881824069019,0.175706160611329,-0.424310937602315,0.0511983939867633,0.0785711468291353,0.127352378266188,-0.663427832932152,Teso,15.6170826314432
NTOROKO,d424,Ntoroko,2014,21.3,62.5,10.22914568,66,68,56.1,27.74,67,53,54,79.1,19,67005,12.8213215927051,0.10978366175224,6.5711694582496,0.107454524246982,0.126656143699886,,99290.2034389053,Uganda,Uganda,1.15546509220841,0.530470661778678,-0.257713128532808,-0.245330809224878,0.980547355275081,-0.682693208908902,1.39254114928288,-2.1427537375812,-1.00608659819016,-0.513091725467103,-0.863480711960623,-1.24305326028866,-0.517846351392833,1.10656343243248,-0.146945051845602,-0.960465518963102,Rwenzori,19.3924910509547
NTUNGAMO,d411,Ntungamo,2014,28.6,79.7,0,71,68,75,29.9,67,42,39,71.1,34,483841,11.4122342255851,0.0857946013557433,4.18072855966896,0.0575259501745721,0.142557083954934,,471336.762587738,Uganda,Uganda,-1.1707861389467,0.077296612197488,-0.114179684586122,-0.423952615802895,-0.339653912358198,-0.577222143643405,1.39254114928288,0.345878497529019,-1.00608659819016,0.51554085064833,-0.266152824576745,-0.559443165618507,-0.999345751329415,0.397603235464656,-0.969837342180974,0.692309675184813,Ankole,15.5929627852541
NWOYA,d328,Nwoya,2014,59.7,228.5,8.683659423,51,50,88.1,65.3,279,67,44,67.6,21,133506,7.61201959006794,0.235565973414708,5.25427196108695,0.0389594431651386,0.222354558012084,,132550.237919999,Uganda,Uganda,0.803999835915415,-1.14488357040886,0.606130315071474,0.691240418383114,-0.830585739368277,1.15133142598557,-0.60274169148065,2.07080348588584,4.71571464430737,-0.375940715318379,2.27862762715457,5.35457904873721,0.0949710667082707,0.0874331492912326,-0.695539912069184,-0.696785790758171,Acholi,12.8662915511549
OTUKE,d329,Otuke,2014,31.3,84.2,8.868252912,71,52,69.2,62.15,162,94,59,60.7,43,104254,11.5608919195288,0.201818189003957,4.18274890775869,0.0451971176209572,0.221051519480647,,244548.792880638,Uganda,Uganda,0.845978984955109,0.125106145330667,0.594368142205438,0.439955452660401,-0.665650411719775,0.997519455806722,-0.38104359806248,-0.417828749224381,1.55792810953279,1.13272039631759,-0.045223331982708,-0.380591687361781,1.27683323018897,-0.524045020593516,0.127352378266188,-0.812771406154189,Lango,15.7436408272875
OYAM,d321,Oyam,2014,51.8,106.8,3.628553494,76,55,75.3,53.22,143,68,65,64.6,12,383644,9.11240202906589,0.221459117629035,2.523373032666,0.0529836531723348,0.161655919877922,,444613.257748264,Uganda,Uganda,-0.345602169846194,-0.662348277234735,0.0582202899706576,0.586201203677546,-0.459760411927435,0.561474727648904,-0.0484964579352247,0.385380596499022,1.0451251679882,-0.993120260987638,1.63220429697202,0.517640181216438,0.138743739429778,-0.178426924571702,0.456509294400337,0.295023653516726,Lango,11.6357750617319
PADER,d312,Pader,2014,24.1,73.1,7.28777851,80,50,63.2,67.89,125,67,51,58.1,37,178004,13.4179327994873,0.192231562683529,6.13139205904632,0.0555206769061376,0.153371643840991,,196034.475842264,Uganda,Uganda,0.486556933644405,0.722345717159815,-0.0165596067595512,0.368573727655728,-0.392676942959852,1.2777990459104,-0.60274169148065,-1.20787072862445,0.559311854945956,0.721267365871417,-0.634368645566807,-0.821758667061704,0.0949710667082707,-0.75445708460806,-0.311523509912677,-0.520349037240735,Acholi,19.5493248585336
PALLISA,d210,Pallisa,2014,25.4,89.5,4.557507542,66,45,75.3,47.92,126,68,57,68.7,19,386890,9.53259438558947,0.0899004740152268,4.32645514975715,0.0373579509058546,0.119385226609781,,574838.44915431,Uganda,Uganda,-0.134344987140149,-0.527210970455774,-0.323345710874112,-0.39338041414537,-0.872932074109288,0.302679984173379,-1.15698692502608,0.385380596499022,0.586301483448303,-0.513091725467103,-0.527995186169678,-0.169944390748305,0.138743739429778,0.184915176374309,0.0176334062214721,0.307894202797988,Bukedi,13.8590495353466
RAKAI,d110,Rakai,2014,44,106.8,5.750475625,60,56,77.5,24.25,97,59,45,81.5,23,516309,12.5196468647489,0.0910122274093407,5.42254135670441,0.0948969829544685,0.161521443824698,,554880.35243103,Uganda,Uganda,0.136952690947811,0.433449596006415,0.0570064113736689,-0.385102332534685,0.648503385649786,-0.85310710602769,0.0623525887738603,0.675062655612381,-0.196397743119756,-0.238789705169654,0.993963540589243,0.517640181216438,-0.255210315063789,1.31925149152283,-0.640680426046826,0.821046888389993,Buganda,17.9421882214533
RUBIRIZI,d425,Rubirizi,2014,39.5,74.9,3.167936559,46,74,70.2,20.5,82,45,39,77,20,129149,11.2413163327411,0.188716941758258,4.71202286516285,0.114241651074798,0.207627396337575,,130950.932658234,Uganda,Uganda,-0.450352922807867,0.0223280165991119,0.473192249724624,0.342403968243205,1.16001119152796,-1.03621659433584,2.05763542953739,-0.286155085991036,-0.601242170654959,-0.444516220392741,0.625747719599182,-0.750218075759013,-0.868027733164893,0.920461380728428,-0.969837342180974,-0.714061509556217,Ankole,15.953339197904
RUKUNGIRI,d412,Rukungiri,2014,45.9,93.8,0,83,70,84,28.06,84,34,32,82,18,314694,16.55172630896,0.0734423522087219,4.95617738152962,0.0580513301147429,0.0788034670136247,,336255.302265436,Uganda,Uganda,-1.1707861389467,1.73019940201799,-0.689666168835937,-0.515927083392502,-0.325761922132387,-0.667067865906606,1.61423924270105,1.53094146662912,-0.547262913650265,-0.581667230541465,1.14943244278505,0.000958132919232069,-1.34952713310147,1.36356150383332,-1.35385374433748,0.0216335201393337,Kigezi,21.5079036904896
SERERE,d232,Serere,2014,20.5,103.5,3.010677416,57,43,58.4,49.95,125,69,79,45.3,11,285903,9.46083085771315,0.11349387044637,3.13038763641549,0.0395671117327589,0.110165874989275,,263991.178228162,Uganda,Uganda,-0.486115858096725,-0.550290709369631,-0.406566279458199,-0.217704709295439,-0.814517889881734,0.401803253844193,-1.37868501844425,-1.83990431214451,0.559311854945956,-1.061695766062,-0.928941302358856,0.38648243049484,0.182516412151286,-1.88879339975658,1.22454209871335,-0.0925242076354089,Teso,12.5912184941286
SHEEMA,d426,Sheema,2014,33,54.3,0,64,69,78.6,13,88,49,41,72.2,6,207343,19.0735632169252,0.0391010189922484,7.6477479070587,0.0612936430678036,0.0574853759425006,,280268.989837561,Uganda,Uganda,-1.1707861389467,2.5412428267431,-0.882098753370436,-0.771631595284096,-0.240029338131757,-1.40243557095215,1.50339019599197,0.81990368516906,-0.439304399640878,-1.40457329143381,0.0938804226135374,-1.56896039844536,-0.692937042278863,0.495085262547733,-0.860118370136258,-0.404018462575626,Ankole,26.7213111239839
SIRONKO,d215,Sironko,2014,15.3,82.1,5.581698435,46,46,66.9,32.24,123,63,75,73.6,19,242422,12.6192756269127,0.0421923957197447,4.26474244202143,0.0765194260136639,0.121601040240088,,445364.206078329,Uganda,Uganda,0.0985703901857793,0.465491022718521,-0.303344166537701,-0.748613299162783,0.16256773817733,-0.462961822939117,-1.04613787831699,-0.720678174661074,0.505332597941263,-0.513091725467103,-1.35443513994737,-0.464055710548253,-0.0801196241777589,0.619153297017102,1.00510415462392,-0.264928506248642,Bugisu,16.8840180689341
SOROTI,d211,Soroti,2014,50.4,103.5,4.364898016,70,55,66.6,46.47,93,61,51,63.4,16,296833,11.3210437895701,0.0860034706124668,8.69888768075009,0.0212352399002753,0.0518929521561046,,449220.112836772,Uganda,Uganda,-0.178147095449716,0.0479690203559289,-0.932580035181174,-0.422397381735453,-1.29924554095057,0.231877648694226,-0.0484964579352247,-0.760180273631079,-0.304356257129144,-0.71881824069019,1.51764826377511,0.38648243049484,-0.167664969620774,-0.284770954116876,-0.311523509912677,-0.0491862213001675,Teso,20.0199314703202
TORORO,d212,Tororo,2014,27,98.2,4.387522194,55,48,72.1,34.67,138,80,67,62.7,7,517082,11.1203955112674,0.0747225969121129,4.56039195581147,0.0386870469564531,0.103179519407517,,918560.228704039,Uganda,Uganda,-0.173002039980492,-0.0165611109486861,-0.469630202798678,-0.50639442067033,-0.837788384881116,-0.344306874515432,-0.82443978489882,-0.0359751258476822,0.910177025476466,-1.33599778635945,-0.397074005373211,0.175835133881364,0.664015812087867,-0.34680497135156,0.566228266445054,0.824111871321113,Bukedi,15.6807874670789
WAKISO,d113,Wakiso,2014,23,97.5,1.845462264,69,70,70.3,13.06,75,39,34,79.4,17,1997418,4.37522018442048,0.0395800634325086,1.42619486470103,0.024702494032522,0.00598519358813495,,2123061.29710098,Uganda,Uganda,-0.751102130332568,-2.18586479596429,-1.34697683093303,-0.768064645101966,-1.20756510773891,-1.39950581913922,1.61423924270105,-0.272987719667703,-0.790169570171387,-0.650242735615827,-0.724376957364377,0.148013792819206,-1.13066376949394,1.13314943981878,-1.24413477229277,6.69371675142779,Buganda,5.80141504912151
YUMBE,d313,Yumbe,2014,24.5,68.2,4.170847249,76,49,63.8,62.93,49,85,68,63.1,9,484822,6.82435827053035,0.281275108768928,3.08839170841838,0.0385006056766211,0.27073442895997,,355482.619185341,Uganda,Uganda,-0.22227696218169,-1.39820190836463,1.04284219395812,1.03158923568328,-0.842718227532268,1.03560622937482,-0.713590738189735,-1.12886653068444,-1.49189991123241,-1.19884677621073,-0.60163835036769,-1.0165080544968,0.882879175695404,-0.311356961503169,0.621087752467412,0.696199388322495,West Nile,9.91274997894873
ZOMBO,d330,Zombo,2014,42.5,102,3.565472289,82,54,77.5,52.94,123,97,89,53,11,240082,8.42739350583487,0.341705996866426,3.21717850648939,0.20728123121467,0.37314804312758,,230248.729959771,Uganda,Uganda,-0.359947720822256,-0.88265263430573,1.96730191223406,1.48155577154082,3.62014497108651,0.547802552521895,-0.15934550464431,0.675062655612381,0.505332597941263,-1.061695766062,0.871224933592556,0.326865271075931,1.40815124835349,-1.20641921017505,1.77313695893693,-0.274206721072472,West Nile,11.6445720123243
